[
  {
    "@id": "dtmi:com:hack:iot:e2e:digital_factory:production_step_fanning;2",
    "@type": "Interface",
    "extends": "dtmi:com:hack:iot:e2e:digital_factory:production_step;2",
    "displayName": "Factory Production Step: Fanning/Roasting - Interface Model",
    "@context": "dtmi:dtdl:context;2",
    "contents": [
      {
        "@type": ["Property", "Temperature"],
        "name": "ChasisTemperature",
        "schema": "double",
        "unit": "degreeFahrenheit",
        "writable": true
      },
      {
        "@type": ["Property", "TimeSpan"],
        "name": "RoastingTime",
        "schema": "integer",
        "unit": "minute"
      },
      {
        "@type": ["Property", "Power"],
        "name": "PowerUsage",
        "schema": "double",
        "unit" : "kilowatt"
      },
      {
        "@type": "Property",
        "name": "FanSpeed",
        "schema": "double"
      }
    ]
  }
]