[
  {
    "@id": "dtmi:com:hack:iot:e2e:digital_factory:production_step_grader;1",
    "@type": "Interface",
    "displayName": "Factory Production Step: Grader - Interface Model",
    "extends": "dtmi:com:hack:iot:e2e:digital_factory:production_step;2",
    "@context": "dtmi:dtdl:context;2",
    "contents": [
      {
        "@type": "Property",
        "name": "Airtemperature",
        "schema": "Double"
      },
      {
        "@type": "Property",
        "name": "Torque",
        "schema": "Double"
      },
      {
        "@type": "Property",
        "name": "Toolwear",
        "schema":"Double"
      }
    ]
  }
]
